id,name,date,rooms,menu_status
5a5cf5f1b0464cbf10ff60d30785fced,"PEREZ TORRES Y CIA. / ""U"" 27 pax + audios                                   COFFEE dentro sala",2025-04-01,CUNQUEIRO,pending
fc3217d771f52785b02233e1d8776c92,REUNION CONGRESO TTCC,2025-04-03,ROSALIA,pending
c6e09b983e5a7eda4997dd66ca341ba1,UEM/40 PAX,2025-04-05,"CASTELAO, CURROS",pending
06c248cf743206f1e7f2a9fb45752870,UEM/40 PAX,2025-04-06,"CASTELAO, CURROS",pending
9c2b44f013c5bbfdfb78c559eac25fd1,"REUNIÓN SR. BARRAN                ""U"" 6 PAX + COFFEE",2025-04-08,PONDAL,pending
2e9de7f9d0cf24528ce039500e7c0436,MERIT MEDICAL,2025-04-08,CASTELAO,pending
49e0c474a6af8492448c516660f1e106,COCKTAIL MERIT MEDICAL,2025-04-08,CURROS,pending
0be8f2fef4b482024b9d7e482cc5329b,COFFEE MERIT MEDICALx mañana,2025-04-08,HALL,pending
045ef9623664d39cff5c3cb9d28079d6,VACAFILMS/CASTING,2025-04-09,ROSALIA,pending
613f8a4010d8f011fc7ac0b0df8faf21,MERIT MEDICAL,2025-04-09,CASTELAO,pending
3d6fcf7b8b1081b7e253448ddd5e1259,COCKTAIL MERIT MEDICAL,2025-04-09,CURROS,pending
dfca76b6dbba12087f2b8295c01f96f7,LEO PHARMA/25 PAX+AUDIOS HOTEL,2025-04-09,CUNQUEIRO,pending
ad7e96b4404815f76d1056600586a2d2,COFFEE MERIT MEDICALx mañana                   COCKTAIL LEO PHARMAx tarde,2025-04-09,HALL,pending
df1fa7f9b048f5117fd49d3d7b9c6448,"MEDTRONIC x tarde ""ESCUELA"" 30 PAX",2025-04-11,CUNQUEIRO,pending
dfca4241236d8736d98783daa32cee6c,MEDTRONIC                                           COFFEE-BREAK TARDE,2025-04-11,HALL,pending
cb9f37a4f6ff931b685f2828ccd9ca51,"MEDTRONIC x mañana ""ESCUELA"" 30 PAX",2025-04-12,CUNQUEIRO,pending
4dfc4bea616a6cc64a53fdee7601fd08,MEDTRONIC                                                   COFFEE-BREAK MAÑANA,2025-04-12,HALL,pending
a37c6b047170c7c32a8cb22ce3799886,SEMANA SANTA,2025-04-17,RESTAURANTE,pending
9a0dca1b9b0c8c40656d0f52b6b88cce,COVIRAN GRANADA,2025-04-18,"PONDAL, CASTELAO",pending
3457c49cfacd517e4ba2df1166e3aefe,COVIRAN GRANADA CB/23 PAX,2025-04-18,CURROS,pending
0179e4259c3ad9445e404da1b1ca9d3a,COVIRAN GRANADA/ LLEGADA CON CENA,2025-04-18,CUNQUEIRO,pending
603736d8ee0f13650a3503f1255caa3a,SEMANA SANTA,2025-04-18,RESTAURANTE,pending
a5a1643e1193f59298b05763f26c70f2,COVIRAN GRANADA,2025-04-19,"PONDAL, CASTELAO",pending
0b3f0b6fa2e618b5df769dacf2f695d0,COVIRAN GRANADA CB/23 PAX,2025-04-19,CURROS,pending
c3fde1565c6ceb1076eb3f19fd2ab915,COVIRAN GRANADA/PENSION COMPLETA,2025-04-19,CUNQUEIRO,pending
69d6abb4c972d77f5cfe70bcfd18a19c,SEMANA SANTA,2025-04-19,RESTAURANTE,pending
bc39e31dd951d22a9dc709eccfb8f9b5,COVIRAN GRANADA,2025-04-20,"PONDAL, CASTELAO",pending
c36b99067b88a0c628b3ae31c87df18d,COVIRAN GRANADA CB/23 PAX,2025-04-20,CURROS,pending
04f1f21e18b67cfb88af2311021ace1d,COVIRAN GRANADA/SALIDA CON DESAYUNO,2025-04-20,CUNQUEIRO,pending
2151b432ade25a53b8d6fef25258808f,SEMANA SANTA,2025-04-20,RESTAURANTE,pending
51b378f07fb4e571f27cbf6fd371dd1c,"REUNIÓN SR. BARRAN                ""U"" 6 PAX + COFFEE",2025-04-22,ROSALIA,pending
f0a48cb075734b52c5a765956b62145e,HOSPITALITY DESK LILLY,2025-04-22,BAR,pending
9347da51361fe1b6588cc8585c727f4c,HOSPITALITY DESK LILLY,2025-04-23,BAR,pending
a505f393e1a98b8eeba793e81ba0c99d,ROTARY CLUB/50 PAX,2025-04-24,CASTELAO,pending
19823feb9dc8b8402ac9b177e7f0d60f,TENTEMPIE CLAUSURA                ROTARY 35 PAX,2025-04-24,CURROS,pending
baeca0c80d959890e44de3cf6eb83d66,HOSPITALITY DESK LILLY,2025-04-24,BAR,pending
7eb0adfa0d6ea89b3ead73da76163983,GRANADA FEMENINO,2025-04-25,"PONDAL, CASTELAO, CURROS",pending
32bc65ba961f529cfd3cb82e8a00ba6a,GRANADA FEMENINO/ CENA EQUIPO 24 PAX,2025-04-25,CUNQUEIRO,pending
a530b0fb64b14660c5bbfd84ba8c2e25,HOSPITALITY DESK LILLY,2025-04-25,BAR,pending
85273c7cac241613c1e099ca48e6d4ef,UEM-EXAMEN 10 PAX,2025-04-26,ROSALIA,pending
c91361872761b7efbb4d02b0b821f7e1,GRANADA FEMENINO,2025-04-26,"PONDAL, CASTELAO, CURROS",pending
6081a244f72285a56a300a741f1660c0,GRANADA FEMENINO/DESAYUNO Y SALIDA EQUIPO,2025-04-26,CUNQUEIRO,pending
4fb94a7f0d700e850a57bbf5550fdf3e,HOSPITALITY DESK LILLY,2025-04-26,BAR,pending
5727fc8be9f0152cdcd1b8f87da7d35c,MONTAJE BOLERO TEKSTIL,2025-04-29,CASTELAO,pending
0411429e2505016a247d1ac330e33a82,BOLERO TEKSTIL,2025-04-30,CASTELAO,pending
6eb47dcf4ca583f435ca06fd471bc43d,RAMYCGA-COCKTAIL/20'30 HRS.,2025-05-02,CURROS,pending
7655acf07d3105e53fb6d73c54176d74,RAMYCGA-COCKTAIL 70 PAX / 20'30 HRS.,2025-05-02,CUNQUEIRO,pending
74b87ec21795ab4d91d2bf2e50b35e37,PP /80 PAX+AUDIOS HOTEL,2025-05-05,CURROS,pending
e22bdfeb93291ae8c3b079f9f0a2e355,PP/80 PAX+AUDIOS HOTEL,2025-05-05,CUNQUEIRO,pending
c47d56f67a765e038ed11667b0b21225,"REUNIÓN SR. BARRAN                ""U"" 6 PAX + COFFEE",2025-05-06,ROSALIA,pending
fca23d68f322c2efd91f385fc062bf90,"J&J / 10 PAX ""TEATRO""",2025-05-06,PONDAL,pending
3aaf38e839053845073cf25a7057dcc4,MONTAJE AUDIOS EXTERNOS,2025-05-06,CASTELAO,pending
3382bacf19d9a050c54401d01d8f3800,MONTAJE F&B,2025-05-06,CURROS,pending
ba3cd4684a2774d77fdd674c38c82bff,"C-SINK/ ""ESCUELA""",2025-05-07,CASTELAO,pending
001ff9e1ee0675c8004753d6b1a7a12f,C-SINK/COFFEE MAÑANA Y TARDE                         Y COCKTAIL COMIDA,2025-05-07,CURROS,pending
c950b4e8712cd3d26882954f4c957018,"ASTEX ""ESCUELA""",2025-05-08,ROSALIA,pending
185c626a90314d84c75205ad8d0d3894,"C-SINK/ ""ESCUELA""",2025-05-08,CASTELAO,pending
8b57f593edecb03d062d43cbdb973656,C-SINK/COFFEE MAÑANA                                 Y COCKTAIL COMIDA,2025-05-08,CURROS,pending
261c3bba60a5a8e61110097cb430eb73,OUT ASTEX,2025-05-09,ROSALIA,pending
43cbd3841c1c0f055d909a7554c47b73,BLUE HOLE           EXP. CONFECCION,2025-05-09,PONDAL,pending
d5c8a6516f3e9f6be54586c815058d23,C-SINK/LUNCH BOX 23 PAX,2025-05-09,RESTAURANTE,pending
9d6599ee5b8177c5802edfd449b6cb02,PROMOCION 1964-BANQUETE COMIDA,2025-05-10,CUNQUEIRO,pending
c9fa4d59a6e0b430b092d82bee9362ad,CENA GPO. VIAGGIO/ 25 PAX,2025-05-10,RESTAURANTE,pending
197b76fa39d95c111226c65a2f7717f3,CENA MENU/40 PAX,2025-05-12,RESTAURANTE,pending
48ca424bf2e44731546de10b31cb089d,CENA MENU/40 PAX                           GPO. HOTUSA 27 PAX CENA,2025-05-13,RESTAURANTE,pending
e91f54136a546da7f82693cf8481801b,STARBUCKS/KEYTEL (40 PAX),2025-05-14,CASTELAO,pending
28240871917c8ef912c6f592e05cf477,CENA MENU/40 PAX,2025-05-14,RESTAURANTE,pending
df8224c632cba72fa8a2364e0554c5b1,"REUNIÓN SR. BARRAN                ""U"" 6 PAX + COFFEE",2025-05-15,PONDAL,pending
3785cea525638d089bc429307f19f681,"ABOCA/40 ""ESCUELA"".",2025-05-15,CASTELAO,pending
906fc1ac4dc28152f4a138dd21810f9f,COFFEE MAÑANA Y TARDE/ABOCA 40 PAX,2025-05-15,CURROS,pending
5ad6d8dd3bf024426c6976df37bcad7c,CENA MENU/40 PAX,2025-05-15,RESTAURANTE,pending
db9f4a771cb29a05227d1abf93739a34,CENA MENU/40 PAX,2025-05-16,RESTAURANTE,pending
e1eadb7a4232e526e2cb669d3defe149,CD TENERIFE-JUVENIL A   FISIOTERAPEUTA,2025-05-17,PONDAL,pending
c3394b6c3b3f3611c8d5af791b55173f,CD TENERIFE-JUVENIL A               CHARLA TECNICA,2025-05-17,CASTELAO,pending
9b52215cc1070883419cdda3c1280e18,CD TENERIFE-JUVENIL A                         (COMEDOR EQUIPO),2025-05-17,CURROS,pending
4d41a8cd57fa47275824ffb5d46476eb,CD TENERIFE-JUVENIL A                              (COMEDOR EQUIPO),2025-05-17,CUNQUEIRO,pending
af4325c9a8e39038d3c61c861ac023ed,CENA MENU/40 PAX,2025-05-17,RESTAURANTE,pending
f6466c6dbacf93a3e803197b5751696e,FESTIVO,2025-05-17,BAR,pending
12c0619961c7c31f2ba5d786192cface,CENA MENU GRUPO/26 PAX,2025-05-18,RESTAURANTE,pending
b0528931b4636342ebf4646969c37c7c,"BNG/""IMPERIAL"" 12 PAX x tarde",2025-05-19,CUNQUEIRO,pending
9566196cd15788083bf03c63a12fb5fb,CENA MENU GRUPO/26 PAX,2025-05-19,RESTAURANTE,pending
7415c9fd4a3cf265aae8676881a64e6d,"REUNIÓN SR. BARRAN                ""U"" 6 PAX + COFFEE",2025-05-20,ROSALIA,pending
cd11e5fe2f1413ae206d24c1b1affb6a,COOPERVISION                 FORMACION 15 PAX,2025-05-20,CASTELAO,pending
6a1f7cc0693b6d8f1f082f256e0bb5bb,COOPERVISION                              COCKTAIL 15 PAX,2025-05-20,CURROS,pending
c674d0a424e5591af277f1ab621afc6f,COFFEE-BREAK MAÑANA Y COCKTAIL COMIDA GENERAL OPTICA/KEYTEL,2025-05-21,CURROS,pending
bd403d2acdfb72e3b78b4ca0d4b4bc68,"GENERAL OPTICA/KEYTEL                                       MESA  ""U"" 12 PAX + AUDIOS",2025-05-21,CUNQUEIRO,pending
7a2588563325e99cc6940e8adaa0cbec,"PALEX/""ESCUELA"" 30 PAX",2025-05-22,CASTELAO,pending
757903b989e511fbc588647399da9aa7,COCKTAIL COMIDA                                        CORAL DIPUTACION 50 PAX,2025-05-22,CURROS,pending
8e24f71d0a007b8c4622e39efbb08bc9,COCKTAIL CENA RAMYCGA 20 PAX,2025-05-22,CUNQUEIRO,pending
a2e034638520558d4bb4d762c97dc59e,COCKTAIL CENA PALEX/30 PAX,2025-05-22,HALL,pending
3d9cc95e4dfa0c66b58f823e637c29a3,CASTING CONCHI IGLESIAS,2025-05-23,PONDAL,pending
e43f0fa3bfd2e0ab7e8c2c6629cbf64d,COMIDA MENU                                        CONGRESO AFUNDACION  35 pax,2025-05-23,CUNQUEIRO,pending
e025dd165839f2326f610f14a4810feb,UEM,2025-05-24,ROSALIA,pending
3274f1bbedb9ec16b89b8aa26f92fd04,CINEMA S8,2025-05-26,ROSALIA,pending
32152be53b6620f9eec08becc8c502ae,CINEMA S8,2025-05-27,ROSALIA,pending
2c3c67ea1d0612270105acb977389ee9,CASTING CONCHI IGLESIAS,2025-05-27,PONDAL,pending
8098264d08fd3ac0ba2f64075597fc24,CINEMA S8,2025-05-28,ROSALIA,pending
00f7cebb2efbb3f73d8a483b2c0e690c,PP-DESAYUNO TRABAJO IMPERIAL 25/30 PAX,2025-05-28,CASTELAO,pending
0163e4c3c1e0b07074bda269376d6f33,CINEMA S8,2025-05-29,ROSALIA,pending
0619ed5a204c2f9f71a8786a2f952976,CINEMA S8,2025-05-30,ROSALIA,pending
e099b72dd5512dce2b9e112116be2d49,CASTING CONCHI IGLESIAS,2025-05-30,PONDAL,pending
290cfd7bec5d1ddc56374d8a13b2a0d2,CINEMA S8,2025-05-31,ROSALIA,pending
4dd52fe3befb19f3c10a70258d7abd6c,"FEDERACION PROV. APAS/66 PAX ""ESCUELA"" + AUDIOS HOTEL",2025-05-31,CURROS,pending
100d8d3e098df7aac48c12f4d4b641e1,"FEDERACION PROV. APAS/66 PAX                        ""ESCUELA"" + AUDIOS HOTEL",2025-05-31,CUNQUEIRO,pending
d89f4c8994538b699cd213da24bc3845,COFFEE-BREAK MAÑANA                                     FEDER. PROV. APAS  (66 PAX),2025-05-31,HALL,pending
be44ee0c44c5a27d587cd2412f486f33,GPO. HOTUSA/ PC/ 36 PAX                CENA GPO. CASA GALICIA/41 PAX,2025-05-31,RESTAURANTE,pending
6c83d19bc49bde02c9cc5477b4ccfe71,CINEMA S8,2025-06-01,ROSALIA,pending
e49f01306c5758d5c9daa6585a7ac649,CINEMA S8,2025-06-02,ROSALIA,pending
0a7911f602ebf0fa1e350c9b3158edc3,CINEMA S8,2025-06-03,ROSALIA,pending
45c584650d3d9132b19370ef5ce42c82,CINEMA S8,2025-06-04,ROSALIA,pending
3a9a21436da2e15144d6fa57482a9ba4,FORMACION HOTUSA/11'30 HRS.,2025-06-04,CURROS,pending
4f7102546688c578f832508edbf295dd,CINEMA S8,2025-06-05,ROSALIA,pending
d23e18982f9f6675b400df5fe56adeca,CASTING CONCHI IGLESIAS,2025-06-05,PONDAL,pending
41ac6ffab30c0520281e26c342d49e2e,CINEMA S8,2025-06-06,ROSALIA,pending
59ede2aef9a0ab13ed7dd11f3912584d,CASTING CONCHI IGLESIAS,2025-06-06,PONDAL,pending
9f86b7a5bb02b99ae7ad9e5595c9b54c,FEDERACION ATLETISMO/Organización,2025-06-06,CASTELAO,pending
32280671dde09a1f06299468b102ced0,FED. ATLETISMO/ANTIDOPING,2025-06-06,CUNQUEIRO,pending
4aa6d879f5e6549b7a6f7af4da7550f3,CENA FED. GALEGA ATLETISMO/                   145 PAX CENA BUFFET DEPORT.,2025-06-06,RESTAURANTE,pending
0bb6ebcdb02845b390b28a2f9625866e,CINEMA S8,2025-06-07,ROSALIA,pending
fa73f2a8dad7b3cd06ddf8c1f9563526,CASTING CONCHI IGLESIAS,2025-06-07,PONDAL,pending
2121f1029ce45e62ee5bfba029e1d629,FEDERACION ATLETISMO/Organización,2025-06-07,CASTELAO,pending
9a00980530640197f10e2a58cd93e609,FED. ATLETISMO/ANTIDOPING,2025-06-07,CUNQUEIRO,pending
cef413e614a0ccc332e72d8d15e2525c,FED. GALEGA ATLETISMO/                       150 PAX   BUFFET COMIDA Y CENA,2025-06-07,RESTAURANTE,pending
454be4cdbcab2fc70b35b8f69ac4b377,CINEMA S8,2025-06-08,ROSALIA,pending
5450a5f7f07e7a94bd6bff458d20785c,CINEMA S8/SALIDA,2025-06-09,ROSALIA,pending
4765297ff15e7174f842a98a80541507,EUROSTARS HOTEL COMPANY,2025-06-09,PONDAL,pending
054d3cea7b4b8be6179d1a2cdc780301,MONTAJE XTI,2025-06-09,CUNQUEIRO,pending
b0b6a1336a2c3a88fc152430450668ba,XTI-EXPOSICION CALZADO,2025-06-10,CUNQUEIRO,pending
f9b579bf0510323831d596687be577eb,ENTREVISTAS VIATRIS,2025-06-12,PONDAL,pending
4809dff79d7076e58cd7f100cba1a0a3,MFAR-JUNTA DIRECTIVA,2025-06-12,CURROS,pending
17ad4863d100d7756a7c5e5ab9d75c25,UEM/25 PAX,2025-06-13,CASTELAO,pending
df9cb5757e1f68d7d58a8ea73c3e1268,RAMYCGA-70 PAX-SR. ARTURO GLEZ.,2025-06-13,CURROS,pending
ac17fb360e2ceae613a64b59e1a81dba,COCKTAIL RAMYCGA-70 PAX-SR. ARTURO GLEZ.,2025-06-13,CUNQUEIRO,pending
51238462939efb31d7b3240a2ad85228,UEM/50 PAX,2025-06-14,"CASTELAO, CURROS",pending
8e3c2f10024dd25e8724c390b0a75f88,"BMS-GEM/""U"" 14 PAX+AUDIOS Y COFFEE",2025-06-14,CUNQUEIRO,pending
46a152c82240ddcb9e7e3f1de0f1684f,GPO.  HOTUSA/18 PAX - PC                   COMIDA Y CENA GPO.,2025-06-14,RESTAURANTE,pending
190f28fab9b2d9b91b3cfd928cec4e88,COCKTAIL ROCHE/50 PAX,2025-06-14,BAR,pending
2a6660a3ee0cca0e6bf5b4012b4561e8,UEM/50 PAX,2025-06-15,"CASTELAO, CURROS",pending
78800458a3dac26c61c5840f59a3e07f,BLOQUEO TECHO,2025-06-17,ROSALIA,pending
08178c5c0d373670b94398e4fceae240,EUROSTARS HOTEL COMPANY,2025-06-17,PONDAL,pending
7b7550dcd78305be58a6504da83a9d96,"ENDESA / 40 PAX ""ESCUELA"" + AUDIOS",2025-06-17,CUNQUEIRO,pending
f980acf5f8c4b6dcad78783484267db0,COFFEE-BREAK ENDESA 35 PAX,2025-06-17,HALL,pending
34f0f6bb24500ccbe635336a85d97ab3,BLOQUEO TECHO,2025-06-18,ROSALIA,pending
8867adbe7c53bdbde38d77622e66715b,CASTING CONCHI IGLESIAS,2025-06-18,PONDAL,pending
67b2cfb9e7a6f3c1313d07e6be61738d,BLOQUEO TECHO,2025-06-19,ROSALIA,pending
f8145159987a16e00d9725a6e1882637,CASTING CONCHI IGLESIAS,2025-06-19,PONDAL,pending
6d93132b02c682fcee04f978d8a72729,BLOQUEO TECHO,2025-06-20,ROSALIA,pending
e37366836333fd1b1a2dcddd889eaad1,"BNG ""TEATRO"" 40 PAX+PRESIDENCIA",2025-06-20,CASTELAO,pending
b74d95232c83c0dee4d3c62587007fb0,GPO. HOTUSA EXTRACUPO/PC-31 PAX,2025-06-21,RESTAURANTE,pending
a29b06227684dc710a28af9d1f7cc537,FC ANDORRA  - DESAYUNO 47 PAX.                            GPO. HOTUSA EXTRACUPO/MP CENA-31 PAX,2025-06-22,RESTAURANTE,pending
b9e395d9ea333294b3130dd9f925bbf1,PROFIRST,2025-06-24,CURROS,pending
93696fcd40bc547858b50c4f6e28f9c4,FESTIVO LOCAL SAN JUAN,2025-06-24,RESTAURANTE,pending
d8a8f9e3fa220b5677a3b09a164963c7,PROFIRST,2025-06-25,CURROS,pending
9dfb236a4809e138268fedfacc3dea37,CLUB DE LECTURA/PICOTEO,2025-06-25,BAR,pending
834f5c870e9951e3a4efe0744a39ccf4,"JOHNSON & JOHNSON/""U"" 15 PAX",2025-06-26,PONDAL,pending
d25e3fa6c00b968883bbac6492e4a9dd,PROFIRST,2025-06-26,CURROS,pending
dd8e71cb69d4d6149b218343208c99bf,COCKTAIL JOHNSON & JOHNSON,2025-06-26,HALL,pending
c797cb50c9d2ea6c06be3e4ab0d6802b,EVOMED CENA BANQUETE 31 PAX,2025-06-26,RESTAURANTE,pending
a23453caaf3c0903255f5db0dd6b3180,"COMIDA SERGAS JUBILACION ""IMPERIAL"" 23 PAX",2025-06-27,CUNQUEIRO,pending
c8b3cf46b7891f8cfa004470bea83512,UEM,2025-06-28,ROSALIA,pending
286348c11ce1839f7f364cab0ef24891,EUROSTARS HOTEL COMPANY,2025-06-30,PONDAL,pending
5d37178444364c868636094d333f8ff3,FESTIVO,2025-01-01,RESTAURANTE,pending
efec4f7425a41d72233e57988e58935f,FESTIVO BUFFET y CIERRE,2025-01-06,RESTAURANTE,pending
7828361a257758fd16f6b3b49908bd03,"REUNIÓN SR. BARRAN                ""U"" 6 PAX + COFFEE",2025-01-14,ROSALIA,pending
2b29492294b4db146a84129d0dcc3b00,TERUMO,2025-01-15,PONDAL,pending
8833917906d3ab52152a2ff73878985b,GENESAL ENERGY        TEAM BUILDING,2025-01-16,CASTELAO,pending
c6a310c3366faca1975ae64a65eb9a1f,GENESAL ENERGY                  COCKTAIL COMIDA,2025-01-16,CURROS,pending
01d0aa6915e66b2f8ac081c7b98ddcb1,UNIVERSIDAD FCO. VITORIA,2025-01-16,CUNQUEIRO,pending
279ced25d6995a35101fc5361c264786,GENESAL ENERGY  COFFEE-BREAK,2025-01-16,HALL,pending
3c6c64b0fb2659c4cf9c22ea2bd27d22,STOLT SEA FARM  TEAM BUILDING,2025-01-17,CASTELAO,pending
cad9886295032acad091920485c89616,STOLT SEA FARM                     COCKTAIL 14'30 HRS.,2025-01-17,CURROS,pending
1b6bbab82b36d13e98f45048131555de,STOLT SEA FARM  COFFEE-BREAK,2025-01-17,HALL,pending
0c9293bd3c137b00a1b9b3cc7e3d9f95,JOHNSON & JOHNSON,2025-01-20,CUNQUEIRO,pending
1c69431c7c7100e7df0f8f87815f378b,"BNG/50 PAX ""TEATRO""",2025-01-22,CASTELAO,pending
34448db152789302e0dc00e96b2dab84,FOTOCASA,2025-01-22,"CURROS, CUNQUEIRO",pending
796222ee0c35efd293ca6e4338c617c5,COFFEE-BREAK FOTOCASA,2025-01-22,HALL,pending
9180d3f2d79934dcad3a678b3b0ae4ef,REUNION URIACH 3 PAX,2025-01-23,ROSALIA,pending
1aacef32f39c12fdd4205319458c77a8,LEVANTE UD,2025-01-24,"ROSALIA, PONDAL, CASTELAO, CURROS, CUNQUEIRO",pending
8795b3411a3a6d84a3421e33c88eca6e,LEVANTE UD,2025-01-25,"ROSALIA, PONDAL, CASTELAO, CURROS, CUNQUEIRO",pending
6c4b629e5095a278c720aac3e5cce6a3,CENA GRUPO HOTUSA/43 PAX,2025-01-25,RESTAURANTE,pending
bb3592a2b9483a4e948664b7bc0795e8,OUT LEVANTE UD,2025-01-26,"ROSALIA, PONDAL, CASTELAO, CURROS, CUNQUEIRO",pending
19f5f6c3b6290c78d859c8d20e82cfb8,COCKTAIL LUCKIA,2025-01-27,ROSALIA,pending
7452878e907013c7f46ebed0d79443a3,LUCKIA RRHH/10 pax,2025-01-27,CUNQUEIRO,pending
559c3c3ede3b3c576b8ccdf2671c7813,COCKTAIL LUCKIA,2025-01-28,ROSALIA,pending
b8ea907af3aeacdb3ac8b5451fb3f584,Montaje LUCKIA,2025-01-28,"CASTELAO, CURROS",pending
0f6061d10d0a87d6158173c1035c8f5b,LUCKIA RRHH/10 pax,2025-01-28,CUNQUEIRO,pending
ffaa955a2a7e9618534a29adb0aebb47,LUCKIA COFFEE-BREAK,2025-01-28,HALL,pending
236ce1c28b7ea805d146bff5f2ec51f0,Montaje Percheros     BOLERO TEKSTIL,2025-01-29,PONDAL,pending
9c642acf3026da82ff60b797a6b178d7,LUCKIA RMG/40 pax,2025-01-29,CASTELAO,pending
de7836a9542082db99b392f85c0b83a4,LUCKIA MARKETING/22 pax,2025-01-29,CURROS,pending
ab560327873c4e29687b5dac0745263b,LUCKIA RRHH/22 pax,2025-01-29,CUNQUEIRO,pending
71f24920b69e1cdef0276cbdf3a35ecb,LUCKIA COFFEE-BREAK,2025-01-29,HALL,pending
6fd97c881c4d207ed6a5d36ab5f4b0a2,LUCKIA CONVENCION BUFFET,2025-01-29,RESTAURANTE,pending
ceb1ccf382a0ea691fc9660c3d8a9156,BOLERO TEKSTIL,2025-01-30,CURROS,pending
55a88cbf92e2086952a56fb1b7e3af44,Montaje EXP. CALZADO XTI,2025-02-01,CUNQUEIRO,pending
5728eb22027f66f683f71b6b59043fbb,XTI-EXP. DANTE,2025-02-02,CUNQUEIRO,pending
3227a35d88500ea93249af9f777c3ab4,PP-70 PAX (20 HRS.),2025-02-03,CASTELAO,pending
fe4206c759c1bedf112a6424ef8957df,"PP-70 PAX ""TEATRO"" (2 MICROS)",2025-02-03,CURROS,pending
72b6037f6370d26948d878c6341386e2,XTI-EXP. DANTE,2025-02-03,CUNQUEIRO,pending
0cef15c115a966e14540ad8e0c40166e,"FI GRUPO/ ""U"" 8 PAX + AUDIOS",2025-02-04,PONDAL,pending
1d8cbd81078e36f9a8dad275cc544b7a,XTI-EXP. DANTE,2025-02-04,CUNQUEIRO,pending
e078542f87dbec21fb548380751115c0,"TERUMO/ ""U"" 12 pax",2025-02-05,PONDAL,pending
8dcf531230a2d8562c17d6a778474bbf,XTI-EXP. DANTE (out),2025-02-05,CUNQUEIRO,pending
9b9a19a3350b2eac2d3b2400cf9297d5,CHARLA GPO. HOTUSA/25 pax,2025-02-06,ROSALIA,pending
f76c3605c635130152ba019defd62785,PC GPO. DEPORT. HOTUSA/50 PAX,2025-02-06,RESTAURANTE,pending
023b0c2f4cd6ca5e639e8d57358e9280,CHARLA GPO. HOTUSA/25 pax,2025-02-07,ROSALIA,pending
241f1958a7f48c8b8fd7fbf86f900167,UEM/ Examen 20 PAX,2025-02-07,CASTELAO,pending
ae8c66182e5c3b10a09d3d743ea00318,PC GPO. DEPORT. HOTUSA/50 PAX,2025-02-07,RESTAURANTE,pending
02195b5b1cf22b8176b58c61449646b7,CHARLA GPO. HOTUSA/25 pax,2025-02-08,ROSALIA,pending
0e1f53b29a97e85dbc08aa384f7a349d,UEM/ Examen 10 PAX,2025-02-08,PONDAL,pending
0f8a81cc4e0cdf6e16df9dd474df8d5a,UEM/ Examen 40 PAX,2025-02-08,"CASTELAO, CURROS",pending
ca114508a052d920556e68ccb6336a73,FOZ DO CAVADO                                        CENA MENU GPO. 41 PAX,2025-02-08,CUNQUEIRO,pending
623726e72ab8f6faf8254303649fbefb,PC GPO. DEPORT. HOTUSA/50 PAX,2025-02-08,RESTAURANTE,pending
ff21414ceef219e807824e80a8bb404e,UEM/ Examen 40 PAX,2025-02-09,"CASTELAO, CURROS",pending
49776bc4c3c691fe4823c9625e97b5d4,"SHISEIDO/35 ""ESCUELA""",2025-02-10,CASTELAO,pending
a1677d4cc4754553918700b37fc156fb,COCKTAIL BIENVENIDA SHISEIDO,2025-02-10,CURROS,pending
f3167f9dda05aa1031afda8496cc5bf5,IN X TARDE EXP. STONEFLY,2025-02-12,CUNQUEIRO,pending
0b5ee5f248c0a334d0015ebd4cd4e881,STONEFLY,2025-02-13,CUNQUEIRO,pending
75ac09545cf3177e30eceb6466ebcb6e,FEM. ATLETICO MADRID/FISIO,2025-02-15,PONDAL,pending
547a597bfec0ab0700e6cbd79deafb23,FEM. ATLETICO MADRID/CHARLA,2025-02-15,CASTELAO,pending
3fe5b407762f7bbb5b611a5280b9f2f2,FEM. ATLETICO MADRID/COMEDOR,2025-02-15,"CURROS, CUNQUEIRO",pending
8e6ed80364b5120516cc607e44b0312d,JORNADAS LACONICAS,2025-02-15,RESTAURANTE,pending
3116b8542754be316bcf1e46b3af531f,FEM. ATLETICO MADRID/FISIO,2025-02-16,PONDAL,pending
7fda3d60163dc95ccd2c21fe1067ce6f,FEM. ATLETICO MADRID/CHARLA,2025-02-16,CASTELAO,pending
a39052ee821cef9f0244483dcd0716f6,FEM. ATLETICO MADRID/COMEDOR,2025-02-16,"CURROS, CUNQUEIRO",pending
497a139d8d6cb088d4f12d63530c7020,JORNADAS LACONICAS,2025-02-16,RESTAURANTE,pending
c3caa3004b563a9e0363066bfcdf8846,MONTAJE X TARDE TAMARIS,2025-02-17,CURROS,pending
bd116c6c417f30ba236a8ed1be94be2a,TAMARIS,2025-02-18,CURROS,pending
9a0f40088ae4026a9ec4b82e790fd42d,TAMARIS,2025-02-19,CURROS,pending
ba962cd4cf32e47fccc0519369abb23a,"KEYTEL EVENTS/""U"" 15 pax   COFFEE DENTRO SALA",2025-02-20,CASTELAO,pending
02f23a652cffc2864460e6f9917a9636,SINGULAR BANK                         COFFEES VARIOS DENTRO SALA,2025-02-20,CUNQUEIRO,pending
c37b90076c376507323d02a64565aa2d,"DESVIO ""EXE"" IMSERSO/52 PAX MP",2025-02-20,RESTAURANTE,pending
647839c45813897badf206b3e65b5f8d,"KEYTEL EVENTS/""U"" 15 pax   COFFEE DENTRO SALA",2025-02-21,CASTELAO,pending
89df58a9301504cdd7dcea52e96ae5a7,"DESVIO  ""EXE"" IMSERSO/52 PAX MP",2025-02-21,RESTAURANTE,pending
a82e0db3c2888d1e8ff4af428d2d6157,UEM/ Examen 40 PAX,2025-02-22,"CASTELAO, CURROS",pending
dd41cb234c29019a1f2a4fb947c37ab9,"JORNADAS LACONICAS                 DESVIO ""EXE"" IMSERSO/52 PAX MP",2025-02-22,RESTAURANTE,pending
d6315e45e8a12be2c39fbee0447df0a9,UEM/ Examen 10 PAX,2025-02-23,PONDAL,pending
928e57b678ed2dff557e9a3485dfa97d,JORNADAS LACONICAS,2025-02-23,RESTAURANTE,pending
ecf01c0633fd9fb70eef0424c74f16af,MONTAJE EL GANSO,2025-02-24,ROSALIA,pending
2f024f2766c8c47419fb018e2c0f0c71,MONTAJE  x TARDE DARIO,2025-02-24,CASTELAO,pending
21f9c8898bdfcedc446ca85e8aa06d01,EXP. GIOSEPPO                          MONTAJE X TARDE,2025-02-24,CUNQUEIRO,pending
0c16d3c2ce0505605f91cfb6e395a212,EL GANSO,2025-02-25,ROSALIA,pending
6d34ef94eab6f988a81110004b07d205,EXPO. DARIO CHOUZA,2025-02-25,CASTELAO,pending
25686467bf5453a43ad25840ca03cb3d,GIOSEPPO,2025-02-25,CUNQUEIRO,pending
47ec35405a3bff5bc970fe78ffaf8ef0,EL GANSO,2025-02-26,ROSALIA,pending
75cf230964e322b2fa075467108a4163,"GT MOTIVE/UK  11 PAX ""U""",2025-02-26,PONDAL,pending
3ec2b93f57b97583d6181918d1e48841,"GT MOTIVE/SALES ""U"" 14 PAX",2025-02-26,CASTELAO,pending
5346ab3bce8eb7a58184aba71a54bac4,GT MOTIVE DIRECCION COCKTAIL,2025-02-26,CURROS,pending
c4ae80159ec5d63e72b39bff7d36c90c,GIOSEPPO,2025-02-26,CUNQUEIRO,pending
6cac9fc6d302ce596b36f12c9f808243,CLUB DE LECTURA/17'00 HRS.,2025-02-26,BAR,pending
5bb168fa29933f8c1f69c94f93f71720,EL GANSO,2025-02-27,ROSALIA,pending
97c17b1eff19ee2ba942a219aebf1974,GIOSEPPO,2025-02-27,CUNQUEIRO,pending
39ce2bd7cf78264a780f93f786980d12,OUT EL GANSO,2025-02-28,ROSALIA,pending
a621a829f9f5e9dda10a4fe8e73926c6,Montaje x EXP.LODI,2025-03-01,CASTELAO,pending
552109ce15060e28f4487627c5a4c55d,MONTAJE X TARDE EXP. AMARPIES,2025-03-01,CUNQUEIRO,pending
9cbde9f3a0b86b19d22d4dfedf3db390,LACONICAS: 50 PAX MEDICOS,2025-03-01,RESTAURANTE,pending
dc6ef8144727d854d32a153920cdd4e1,LODI,2025-03-02,CASTELAO,pending
594e8f219df9f2c54f9600b4130c6443,Montaje x tarde EXP. HISPANITAS,2025-03-02,CURROS,pending
c7a365574914f3e0a6df4dcc75b120f6,AMARPIES (ARTURO AMAT),2025-03-02,CUNQUEIRO,pending
3561abd721db3bc82fa739f20258a99b,LODI,2025-03-03,CASTELAO,pending
0003bc1b5bee3a9d8c4b2df60fa831d6,HISPANITAS,2025-03-03,CURROS,pending
e031f759b0eaa2c3f52e06d28a19598b,AMARPIES (ARTURO AMAT),2025-03-03,CUNQUEIRO,pending
5aa710c8d99af1f45064ece80bf6a8b5,Desmontaje LODI,2025-03-04,CASTELAO,pending
40bfa54e6a24da4287a7efc551aa223e,HISPANITAS,2025-03-04,CURROS,pending
930a452915925aa29ca175e1f4471d6f,OUT  -  AMARPIES (ARTURO AMAT),2025-03-04,CUNQUEIRO,pending
c1f0aa1dd06f9d428057363d85f1d4e3,FESTIVO LOCAL                                MARTES CARNAVAL,2025-03-04,RESTAURANTE,pending
f4c58fedd4378342f6a025ec0c228087,Montaje CALZADOS GONZALO,2025-03-05,CASTELAO,pending
f915c69b61c2bc3674e6ee5b5cf22e97,COCKTAIL  GSX  15 PAX/20'00 HRS.,2025-03-06,ROSALIA,pending
152e684f89fe42140fe6df77f18aa161,GSK/15 PAX-19'00 HRS.,2025-03-06,PONDAL,pending
cb9d4b209d9d43ee303b0e87846ac2b8,CALZADOS GONZALO,2025-03-06,CASTELAO,pending
1d07f487b7ea630bd9737d5d0ce042e1,JORNADAS LACONICAS,2025-03-08,RESTAURANTE,pending
c8ee4533f3d5787890aa0782e3986d77,JORNADAS LACONICAS,2025-03-09,RESTAURANTE,pending
5213804177da7ff185346398edf9eb1c,JUAN CARLOS RAMIREZ,2025-03-10,CURROS,pending
9cedff2034d63243204c8b35633944b2,REUNION COMITÉ DE EMPRESA,2025-03-11,ROSALIA,pending
aa606287980724fc49aeaaea525fd2fd,JUAN CARLOS RAMIREZ,2025-03-11,CURROS,pending
bc015d62e433a441e4e67ff0da2ac148,PALEX MEDICAL,2025-03-13,PONDAL,pending
6329470d72936a9839fc2e0abd55d816,LA LIGA GENUINE/cena  (76 pax),2025-03-14,RESTAURANTE,pending
c99b6c6dc513659c0e103e4c2237a676,LA LIGA GENUINE/PC (85 pax),2025-03-15,"CURROS, CUNQUEIRO",pending
c6b3e7fe47297c932c0c2c7f07f1ef30,LA LIGA GENUINE/PC (122 pax),2025-03-15,RESTAURANTE,pending
fdfcb500011e655de7a7cd16db3dad70,PEPE MOLL x tarde/noche,2025-03-16,CASTELAO,pending
0f20a9889fc3a8cf66f5ff6481994123,LA LIGA GENUINE: PICNICS 8'00,2025-03-16,CURROS,pending
b67d5759784a257b66cd295b02c65b30,140 UNIDADES.,2025-03-16,CUNQUEIRO,pending
f530b8c62f4807284f7d8b92960e016e,LA LIGA GENUINE/MP (67 pax),2025-03-16,RESTAURANTE,pending
7b8ee53b6a043d8b1660639a932c9606,PEPE MOLL EXP.,2025-03-17,CASTELAO,pending
6e48dfe1992f926b37c926a1a36afe6b,PEPE MOLL EXP.,2025-03-18,CASTELAO,pending
1255879ef71c757b255ace74d23e39ff,TRABAJOS JARDINERIA,2025-03-19,"ROSALIA, PONDAL, CASTELAO, CURROS, CUNQUEIRO, HALL, RESTAURANTE",pending
4cf115fe021fa7272554b2d807871d6b,SIMULACRO BOMBEROS                 CURSO: 14'00 y SIMULACRO: 15'00,2025-03-20,CUNQUEIRO,pending
d4a4fa8f4b6c8d8fcf99ee29f951ed83,UDG COSTA ADEJE               TENERIFE B FEMENINO,2025-03-21,"ROSALIA, PONDAL, CASTELAO, CURROS",pending
33e921a58623c1a57e7847f4d37c8ba0,Montaje UEM,2025-03-21,CUNQUEIRO,pending
f09d07cfcd5690a1961ebc89c5785fe9,UDG COSTA ADEJE               TENERIFE B FEMENINO,2025-03-22,"ROSALIA, PONDAL, CASTELAO, CURROS",pending
5f2cb8adc5649ab7dbcb8b11155a3302,"UEM x 30 pax ""ESCUELA""",2025-03-22,CUNQUEIRO,pending
0a3f1b235e78848201d7405d1e2d6edd,"UEM x 30 pax ""ESCUELA""",2025-03-23,CUNQUEIRO,pending
7a8989eb83c09c11a5ac49d7a3031c73,"REUNIÓN SR. BARRAN                ""U"" 6 PAX + COFFEE",2025-03-25,ROSALIA,pending
ba159718c7eda023a9c49b5d21597e7c,"GENERAL OPTICA/""U"" 25 PAX MJ",2025-03-26,CUNQUEIRO,pending
d52b5578dbba4b7329dd64fdf2fbf7ff,COFFEE-BREAK /GEN.OP,2025-03-26,HALL,pending
2ceb63563a92e886a4fb6c63a698af34,DICOFARM/ENTREVISTAS,2025-03-31,PONDAL,pending
0c9d75095a866f6d62284003bd953e3e,GPO. HOTUSA PC/17 PAX,2025-07-02,RESTAURANTE,pending
d2b653b0a1b862d530b1e5423f543f03,CASTING                     CONCHI IGLESIAS,2025-07-03,PONDAL,pending
b02b5d1c3c521918fe766567cbe4862d,"MAN TRUCK/""U"" 6 PAX",2025-07-09,PONDAL,pending
96f858934e585c84b5d457c050994b64,UEM,2025-07-12,"CASTELAO, CURROS",pending
fd49c071285960689f4852dbb44af810,UEM,2025-07-13,"CASTELAO, CURROS",pending
1215c3aff34dd40a1268942439edebb4,TMS-FORMACION EUROSTARS,2025-07-15,CUNQUEIRO,pending
6317ef4da40596fc342454cf552b985e,TMS-FORMACION EUROSTARS,2025-07-16,CUNQUEIRO,pending
e89a9c52582e252c481f217963fc735e,UEM,2025-07-17,"CASTELAO, CURROS",pending
d1b4e47c49f55cc08438ffd2f3913067,IMAYA FORMACION                           ESCUELA 17 PAX,2025-07-18,ROSALIA,pending
6e7b03d9635c65c609980259aec23e6a,UEM,2025-07-18,"CASTELAO, CURROS",pending
9ce9087bf0fca75118beb2c432192bff,COFFEES-IMAYA FORM./17 PAX,2025-07-18,HALL,pending
d8a10ad917e0c8adb1e75f7b56caa173,IMAYA FORMACION                      ESCUELA 17 PAX,2025-07-19,ROSALIA,pending
6884950f1de627690629678a9739da26,UEM,2025-07-19,"CASTELAO, CURROS",pending
f3b55e73f2c3a0adb4f5ffd70ad3b1c9,COFFEES-IMAYA FORM./17 PAX,2025-07-19,HALL,pending
0a956d812377f80cf97816ca26b42075,IMAYA FORMACION                      ESCUELA 17 PAX,2025-07-20,ROSALIA,pending
534a26400dbc977596e1529f84268e42,UEM,2025-07-20,"CASTELAO, CURROS",pending
0c991a8fcef3dbb0ce61c001deead7f8,UEM,2025-07-21,ROSALIA,pending
081eea00195b3ecb1965f83053ace48e,EUROSTARS HOTEL COMPANY,2025-07-21,PONDAL,pending
447531a6775a8423aef2d0c2ffb3e319,Montaje TAYPA x tarde,2025-07-21,CURROS,pending
317b6968ee152e7144e50443049a2967,MONTAJE GIOSEPPO CALZADO,2025-07-21,CUNQUEIRO,pending
53ce3a0d3596cef46de438040137b917,GPO. HOTUSA/CENA 22 PAX,2025-07-21,RESTAURANTE,pending
af230a66c2dc5008f734a95e775f5e38,UEM,2025-07-22,ROSALIA,pending
dccd41536db14c92f51b7a314b9778b0,EXPOSICION INDITEX,2025-07-22,PONDAL,pending
1ab799c4de819e2814361e719c834868,TAYPA-EXP. CONFECCION,2025-07-22,CURROS,pending
38af03964bf56f02dd19309713b7eed6,GIOSEPPO,2025-07-22,CUNQUEIRO,pending
1fc753fcb7077acbee25851431920390,GPO. HOTUSA/CENA 22 PAX,2025-07-22,RESTAURANTE,pending
01f4f6d685fe0d0c96858114b7c88d88,UEM,2025-07-23,ROSALIA,pending
d0f85a9442a4e8a50e9568fa3f2117d9,GIOSEPPO,2025-07-23,CUNQUEIRO,pending
e9da308552954c251cc98c761973d0ef,UEM,2025-07-24,ROSALIA,pending
cb10b83affe219dd9e7a5238f536beed,GIOSEPPO,2025-07-24,CUNQUEIRO,pending
8c531f8256e5a4194d55f274442eceb0,MONTAJE DARIO CHOUZA,2025-07-25,CURROS,pending
821c5ae1c3a4cb49cf2ea43382f311fc,FESTIVO,2025-07-25,RESTAURANTE,pending
f25ad722b205735a47fe96a1aac69df6,DARIO CHOUZA,2025-07-26,CURROS,pending
c0cda0f2dc3b2d020957dbb980aec286,BLOQUEO MUESTRARIO,2025-07-27,CURROS,pending
df22b8c1460bcb12f323c51b721711bd,DARIO CHOUZA,2025-07-28,CURROS,pending
bdd0f78f0ed4a5c79403faa9bd81a58d,EUROSTARS HOTEL COMPANY,2025-07-29,PONDAL,pending
260c4db09fb23d0363abfea16288f3b9,FREE BODA L&J,2025-08-09,ROSALIA,pending
e77f81f4a9b47c87a27a7c7b4ba0857a,TAMARIS-LLEGADA Y MONTAJE,2025-08-10,CUNQUEIRO,pending
06d8851a76b91af5040a442b4d505e8d,TAMARIS/Expos. Calzado,2025-08-11,CUNQUEIRO,pending
e94886f37ec8b45bb8eb8ba2d716a46e,TAMARIS/Expos. Calzado,2025-08-12,CUNQUEIRO,pending
a3bada96e46d7434fe46746c350a59cc,EUROSTARS HOTEL COMPANY,2025-08-19,PONDAL,pending
adf4148e44b9419bbce7caba71f30a0b,EUROSTARS HOTEL COMPANY,2025-08-26,PONDAL,pending
2e9d855e109b8ca92f5e65cba2ef7a33,XTI-LLEGADA Y MONTAJE,2025-08-27,CUNQUEIRO,pending
151222b73f3d3dc2815be3961b2d38f3,XTI/Expos. Calzado,2025-08-28,CUNQUEIRO,pending
ef5531bd03ccd93a537df7599c8e7693,XTI/Expos. Calzado,2025-08-29,CUNQUEIRO,pending
ad82fe496cdacad05b18e1114f86ca29,XTI/Expos. Calzado,2025-08-30,CUNQUEIRO,pending
d96d384b1430baac8a3166fb17c8abe9,GPO. HOTUSA/MP                                        CENA 57 PAX,2025-08-30,RESTAURANTE,pending
fe164e2d7c25467dba76a4cb5142df22,XTI/Expos. Calzado,2025-08-31,CUNQUEIRO,pending
ebfd3962020f71650c26abaf038442f9,ARTURO AMAT-IN Y MONTAJE,2025-09-01,CUNQUEIRO,pending
4e9ccdece732d1abc997c95f4e4cc0cf,EUROSTARS HOTEL COMPANY,2025-09-02,ROSALIA,pending
19b5401d138b8ae155e1473fb9c2a1f8,ARTURO AMAT/Expos. Calzado,2025-09-02,CUNQUEIRO,pending
e939eeb82e73aaec3a3d836e55dd363f,ARTURO AMAT/Expos. Calzado,2025-09-03,CUNQUEIRO,pending
354cfd4a661730642122c31b78b14bda,SPORTING GIJON,2025-09-05,"ROSALIA, PONDAL, CASTELAO, CURROS, CUNQUEIRO",pending
d384eb4c545c93f962e47138b923931b,GPO. HOTUSA/MP 50 PAX,2025-09-05,RESTAURANTE,pending
060a67f9d162da0433c2f5228ac993cd,SPORTING GIJON,2025-09-06,"ROSALIA, PONDAL, CASTELAO, CURROS, CUNQUEIRO",pending
1f547a24154d7b2f3bdf0d5994eb199d,GPO. HOTUSA/MP 50 PAX,2025-09-06,RESTAURANTE,pending
577169384d918a847384a1168a2bddc1,STONEFLY-LLEGADA Y MONTAJE,2025-09-07,CUNQUEIRO,pending
c95345c1484120c1ff8823f77e33e5a7,LLEGADA EL GANSO,2025-09-08,ROSALIA,pending
f7222eae7a04bd5c1bb97954912f706f,STONEFLY/Expos. Calzado,2025-09-08,CUNQUEIRO,pending
938679946ddf85e281a0ac289dbb94f9,EL GANSO-EXP. CONF.,2025-09-09,ROSALIA,pending
62ddad373eb60c991df1d6c81c0327ea,REUNION 11 PAX-OKTA,2025-09-09,PONDAL,pending
5591bfd19c3c550fe5e4f7904654d656,STONEFLY/Expos. Calzado,2025-09-09,CUNQUEIRO,pending
b5d9d67fd66dcba01349128c7c451aa3,EL GANSO-EXP. CONF.,2025-09-10,ROSALIA,pending
0234e3bbb50a4a2bc41e0ab9a3569c05,REUNION 11 PAX-OKTA,2025-09-10,PONDAL,pending
d0bc09ee8ba211fde539db0eafe647d8,MONTAJE x  tarde  DIOR,2025-09-10,CASTELAO,pending
eef26f004b3a978ec79716d456fbed88,EUROSTARS HOTEL COMPANY,2025-09-10,CURROS,pending
46f886badc8f2ae4d1fc2a54b28be278,GPO. HOTUSA/MP 23 PAX,2025-09-10,RESTAURANTE,pending
8732e75c557f615eff9f3f70b0ec0255,EL GANSO-EXP. CONF.,2025-09-11,ROSALIA,pending
a457e13faa9715c010d9aae310ff7ec7,REUNION 11 PAX-OKTA,2025-09-11,PONDAL,pending
2746be2a7cbbd3cfb1ffb6d50a6ac2ac,FORMACIÓN DIOR  BTRAVEL/12 pax,2025-09-11,CASTELAO,pending
13254cd86194384b7199d4ee6c40b39d,THE URBAN ROOSTERS,2025-09-11,CUNQUEIRO,pending
7eb42e773f7ab6d0de8753ad68875e2a,COFFEE DIOR MAÑANA Y TARDE,2025-09-11,HALL,pending
3c5ae4e4893d8f4d099c0573cfb34a4a,GPO. HOTUSA/MP 50 PAX,2025-09-11,RESTAURANTE,pending
3b9e5a63cc85edda50101c480b701974,SALIDA EL GANSO,2025-09-12,ROSALIA,pending
fecc27e243e319db357eeb685b04f582,BLOQUEO MATERIAL DIOR,2025-09-12,PONDAL,pending
56551f7cd3aacbc327df03c5b01f9ab2,GPO. HOTUSA/MP 46 PAX,2025-09-12,RESTAURANTE,pending
11fe087766674db99ac319bbbd0cea3d,BLOQUEO MATERIAL DIOR,2025-09-13,PONDAL,pending
9bf4ab6536af35dc2854c3a707b216d9,UEM-EXAMEN 30 PAX,2025-09-13,CASTELAO,pending
07b26361ef6756a94b3dac06fbf99b92,GPO. HOTUSA/MP 34 PAX,2025-09-13,RESTAURANTE,pending
c3016fdf81414050dc450b37b60373f6,BLOQUEO MATERIAL DIOR,2025-09-14,PONDAL,pending
59fc81671ee3092cd6ee8210e6902403,UEM-EXAMEN 30 PAX,2025-09-14,CASTELAO,pending
42001399531e45d070d8807eae5a1be1,IN EXCALPA MONTAJE,2025-09-14,CURROS,pending
250149c66d3970979bfd3f5c6eae5c70,IN HISPANITAS MONTAJE,2025-09-14,CUNQUEIRO,pending
c41888d1f42f65494fbac5d5fdd747fd,GPO. HOTUSA/MP 34 PAX,2025-09-14,RESTAURANTE,pending
82516e31be527194f9cb16630a44c070,EUROSTARS HOTEL COMPANY,2025-09-15,ROSALIA,pending
26ab2fbf4b62811c9c0e806451d23d0e,BLOQUEO MATERIAL DIOR,2025-09-15,PONDAL,pending
e194ef1a5dc6eb1aff7052f2ece543d2,EXCALPA-EXP. CALZADO,2025-09-15,CURROS,pending
579d08ee4d82fd766428425e5ec6a729,HISPANITAS JC-EXP. CALZADO,2025-09-15,CUNQUEIRO,pending
75809693ce509cbc5ccaac2e46c16b32,BLOQUEO MATERIAL DIOR,2025-09-16,CASTELAO,pending
394048cd04f0adf1366ea763782765e5,EXCALPA-EXP. CALZADO,2025-09-16,CURROS,pending
9dab6901d839ec7e62338425717f89b5,HISPANITAS JC-EXP. CALZADO,2025-09-16,CUNQUEIRO,pending
da312a05e7f33a7ef1c8376bfe6b1630,DIOR / TEATRO 86 PAX+AUDIOS,2025-09-17,"CASTELAO, CURROS",pending
72ae6f6d83c05973d2caf9ae38a38ab5,COCKTAIL BIENVENIDA                                                DIOR/86 PAX- 22'00 hrs.,2025-09-17,HALL,pending
227f5f25047d6b6d9d0cbffb07a4b768,IMBRIA PHARMACEUTICALS  COCKTAIL (12'00 HRS.) 25 PAX,2025-09-18,CASTELAO,pending
5ae8261fe98948c477c8e92e53b01915,"IMBRIA PHARMACEUTICALS  PRESENTACION ""U"" 25 PAX",2025-09-18,CURROS,pending
2459b8f1d4d0e4a25190dc814119c4a0,COPA BIENVENIDA                                              GPO. GUZMAN 19'30 HRS.,2025-09-18,HALL,pending
259bd935c11260fd60ec3e3176106a43,GRUPO GUZMAN (30 PAX) MP TIENEN BEBIDAS INCLUIDAS,2025-09-18,RESTAURANTE,pending
81cf93e884d8da64f914a885c5ea4e29,CD NUMANCIA-CHARLA,2025-09-20,ROSALIA,pending
4b46e98300ba66b275c5ac0cc3c01398,CD NUMANCIA-FISIO,2025-09-20,PONDAL,pending
447725df9f336cfaa7cc4972ff1fb3e1,UEM (EXAMEN 10 PAX) x mañana,2025-09-20,CASTELAO,pending
4e44a477f2ee5f8aa94549aae72997a1,CD NUMANCIA-COMEDOR,2025-09-20,"CURROS, CUNQUEIRO",pending
1d098cb50c60e1f026bf39a8c661fc80,CD NUMANCIA-CHARLA,2025-09-21,ROSALIA,pending
7eb972cf8e08ff6e0eeb6594efcc1d1b,CD NUMANCIA-FISIO,2025-09-21,PONDAL,pending
1e14422991a5ab5bb6e2d55c0f2fc608,CD NUMANCIA-ACTIVACION x MAÑANA     & MONTAJE x tarde EXP. CALZADO LODI,2025-09-21,CASTELAO,pending
ca29f518e5a5cb3284c8292d2bcb414a,CD NUMANCIA-COMEDOR,2025-09-21,"CURROS, CUNQUEIRO",pending
7f5a96d6eb2753353c74f1bcdea50467,MONTAJE x tarde GIOSEPPO,2025-09-22,PONDAL,pending
cc4e7aed65a6b0e867a0bf0d0c70f4a7,LODI-EXP. CALZADO ANABEL HDEZ.,2025-09-22,CASTELAO,pending
53f5a9f866ca98e5bc59578a859e52cc,GIOSEPPO Exp. Calzado,2025-09-23,PONDAL,pending
05988fb661dc82369aa5d3f6433f18a4,Montaje x tarde BOLERO TEKSTIL,2025-09-23,CUNQUEIRO,pending
20f4c29fa0240bb379021b4902bc752f,"GENERAL OPTICA ""U"" 25 PAX + AUDIOS",2025-09-24,CASTELAO,pending
2c9b103776dbc654b90fb88538338285,BOLERO TEKSTIL   Exp. Ropa,2025-09-24,CUNQUEIRO,pending
c7befb0f64c10f23c25bc8497f4db2aa,COFFEE-GENERAL OPTICA/25 PAX,2025-09-24,HALL,pending
70f6b4ec926a2959d7e3fab63d277244,EUROSTARS HOTEL COMPANY,2025-09-25,ROSALIA,pending
536681568bc8bfe34753bed610188c0a,JUNTA CONGRESO GEHEP      (De 9 a 14 hrs.),2025-09-25,PONDAL,pending
d304058ecc2486beccd730767b26c490,30 PAX- NOMA SYSTEMS (JC),2025-09-25,CURROS,pending
f5573a9ea10cb318c7591d905965b34f,OCEANO AZUL  GEHEP COFFEES   TARDE  100 PAX,2025-09-25,HALL,pending
130ef5b178ffc6a75af2f34da8baf7c2,GPO. HOTUSA/MP 18 PAX,2025-09-25,RESTAURANTE,pending
61df464326aebc932ee360f7cc7f52a5,JUNTA CONGRESO SOGUG      (De 9 a 11 hrs.),2025-09-26,PONDAL,pending
fc3935b8f76d8690c0bd2dd759e0b7ca,45 PAX-NOMA SYSTEMS (MJ),2025-09-26,CURROS,pending
a46c45d06f0143db329dd6d8da50581e,OCEANO AZUL GEHEP COFFEES  MAÑANA Y TARDE  110 PAX,2025-09-26,HALL,pending
60eff02309c77e822dbcb375c4f7a48d,CENA BUFFET RAIOLA NETWORKS 130 PAX.,2025-09-26,RESTAURANTE,pending
329379ba919e34753d7f7813bb4ca446,OCEANO AZUL GEHEP  COFFEES   MAÑANA  80 PAX,2025-09-27,HALL,pending
8f9d466ca81d05a8e23659335b9ec615,COMIDA BUFFET RAIOLA NETWORKS 130 PAX.,2025-09-27,RESTAURANTE,pending
3167b2f925af3c083886af2c08e59dce,CALZADOS GONZALO/MONTAJE,2025-09-28,CASTELAO,pending
78bd3f7f70f4cd957c82edff1f648568,CALZADOS GONZALO/JC,2025-09-29,CASTELAO,pending
db2e1a6d6b672f49ab96f797c0a8e2ba,VILMORIN MIKADO,2025-09-30,ROSALIA,pending
94b43cc872060c840036df86eb2ae021,"VILMORIN MIKADO  ""U"" 17 PAX",2025-09-30,CUNQUEIRO,pending
77f18955b3167830aeb0a6e9379bb8e4,VILMORIN COFFEE TARDE 17 PAX,2025-09-30,HALL,pending
032f9df5af365077394b852137b51edf,VILMORIN COMIDA-17 PAX,2025-09-30,RESTAURANTE,pending
42b561718dbd694b04d2da370d012422,VILMORIN MIKADO,2025-10-01,"ROSALIA, CUNQUEIRO",pending
e68c0d076dc10a3b56ff2b844e7ab98b,VILMORIN COFFEE MAÑANA Y TARDE                17 PAX,2025-10-01,HALL,pending
6fe1e52fdd3ce6b2787cf176befb065d,VILMORIN - COMIDA 17 PAX,2025-10-01,RESTAURANTE,pending
c36a69b82544580b36619108f25d7587,VILMORIN MIKADO,2025-10-02,"CASTELAO, CURROS",pending
8c5c078f6775d2b6db76508d51f7f54a,VILMORIN  - COMIDA 61 PAX,2025-10-02,RESTAURANTE,pending
db740d3643f050b8cb5ae4a863f02314,UD ALMERIA,2025-10-03,"ROSALIA, PONDAL, CASTELAO, CURROS, CUNQUEIRO",pending
58d0012e2dbf2978e812ef87b28c819a,COMIDA JUBILACION PITUSA/72 PAX,2025-10-03,RESTAURANTE,pending
cc236f4106f85d8960cf24568290bc3a,CENA GPO. HOTUSA/14 PAX,2025-10-03,BAR,pending
9efc1553b10072df89fd67b8fb1e12c0,UD ALMERIA,2025-10-04,"ROSALIA, PONDAL, CASTELAO, CURROS, CUNQUEIRO",pending
d20b95b06f7264647345c268d693b615,CENA GPO. HOTUSA/14 PAX,2025-10-04,BAR,pending
f38dd9573b4e05c9a4269c2c0909370b,LLEGADA Y MONTAJE x tarde GUERLAIN,2025-10-06,CASTELAO,pending
447d164c8cb510d74c71efb2a18d0fea,"GENERAL OPTICA ""U"" 16 PAX + AUDIOS",2025-10-06,CUNQUEIRO,pending
ea555aa5da0763ce61d75513692335ea,"FORMACION GUERLAIN 14 PAX U"" + PANTALLA Y MESA EXPOSITORA",2025-10-07,CASTELAO,pending
f8d8f8ed62e20d7569f3ffa1e412e0c3,COFFEE MAÑANA Y TARDE GUERLAIN,2025-10-07,HALL,pending
dc701fe4faff94f4f17cd250a4782cc4,CASTING SALTA2 GRABACION,2025-10-08,ROSALIA,pending
e3d6d676c8c841a4be61650ccec7ea1b,CASTING SALTA2//16 PAX-TEST,2025-10-08,CUNQUEIRO,pending
170d5601647276119a0829931dd688e4,CENA GPO. HOTUSA/14 PAX,2025-10-09,BAR,pending
2b9329f7eae92f32ba9849a8fcdb2bff,GRUPO HOTUSA /CENA 20 PAX        GRUPO HOTUSA /CENA 35 PAX,2025-10-10,RESTAURANTE,pending
03f0f772e590bc54026d03fe482b65fe,GRUPO HOTUSA/CENA 35 PAX,2025-10-11,RESTAURANTE,pending
0fd0c5b2e2642860cbb652954d35b759,"ASISA  ""U"" 15 PAX + PANTALLA",2025-10-13,CASTELAO,pending
c87514c36198633030da78a083ef90cf,ASISA COFFEE 15 PAX (12 HRS.),2025-10-13,HALL,pending
2ea8b878409e7f8061abfb7daa70bbf3,GPO. HOTUSA/CENA 36 PAX,2025-10-14,RESTAURANTE,pending
5a624c77b296893ae553c2a15aabe65d,EUROSTARS HOTELS,2025-10-16,CASTELAO,pending
5e1dc76d6f050b2dca7878d8018d56a7,GPO. HOTUSA/CENA 18 PAX,2025-10-17,RESTAURANTE,pending
6e6f4e1feb268082b90ff0722e1d7db7,UEM-DEFENSAS                                         x mañana,2025-10-18,ROSALIA,pending
352971cbe1a71fab26a81a7bbaf76252,UEM-TFM JC,2025-10-18,PONDAL,pending
6209df0ab033a0800241724b4f5a33f4,UEM-EXAMEN JC,2025-10-18,CASTELAO,pending
dd7eb5efdb5dd460cb605f8b1c64c5f2,"DIPUTACION ""ESCUELA"" 40 PAX + AUDIOS",2025-10-18,CURROS,pending
ced418b51e82443a31ae583b408acd48,UEM-TFM JC,2025-10-19,PONDAL,pending
9637503e292ec8e1a92c7a713fe1ae97,UEM-EXAMEN JC,2025-10-19,CASTELAO,pending
74563c902f1bcc52e793b0a5156681c4,"DIPUTACION ""ESCUELA"" 40 PAX + AUDIOS",2025-10-19,CURROS,pending
e2abf252f605e7bbb550290d874f19a0,IN Y MONTAJE,2025-10-19,CUNQUEIRO,pending
808ef312b0886a00a209fce2d6868535,EUROSTARS HOTELS,2025-10-20,ROSALIA,pending
c8f55afeb7370f590135d1a50ad8605e,JORGE GARCIA/EXP. CALZADO,2025-10-20,CUNQUEIRO,pending
e08b776a56114fb26176d0852c6ea0b9,REUNIÓN COSMOS ARQUITECTOS,2025-10-21,CURROS,pending
615737094e7e36cc972438ba294d506a,JORGE GARCIA/EXP. CALZADO,2025-10-21,CUNQUEIRO,pending
1b780c692bd4a417f1917af130433fbe,SALINERA ESPAÑOLA,2025-10-22,CASTELAO,pending
ca0eea18f89361c5c1c427776069763b,OUT Y DESMONTAJE,2025-10-22,CUNQUEIRO,pending
31e2f27134b6ca77aa33451fc60e4520,GRUPO HOTUSA/17 PAX+AUDIOS,2025-10-23,CASTELAO,pending
93be7bad3dd5ba27ff296fbf149e62f8,KOBHO LABS.-COCKTAIL COMIDA,2025-10-23,CURROS,pending
0253305fe851a62d8241b023193489ca,"KOBHO LABS./50 PAX ""TEATRO""",2025-10-23,CUNQUEIRO,pending
908170be3cba4235957c596a206ec6ff,COFFEE  BIENVENIDA                      KOBHO LABS.,2025-10-23,HALL,pending
e22bf03d67408d9883ce7803a0ec8868,SPEAK & TRAVEL,2025-10-24,PONDAL,pending
52ad4d401034e9ced25a62b53eb81bfd,CENA GRUPO SAPO PORTUGAL/29 PAX,2025-10-24,RESTAURANTE,pending
6012109817fb6a7cd2794e6c56b99495,SPEAK & TRAVEL,2025-10-25,PONDAL,pending
1ca8fdef066e39fb52ec554d2bf8566a,COMIDA GRUPO SAPO PORTUGAL/29 PAX,2025-10-25,RESTAURANTE,pending
629615ecb2efb8022a59dba55f302af3,SHISEIDO/TEATRO 60 PAX,2025-10-27,CUNQUEIRO,pending
85448e0f26f2548cb5b004ed04555157,COCKTAIL SHISEIDO 22'30 hrs.,2025-10-27,HALL,pending
3c0498718f1c3f52ee44a0cd0e151bd2,"ISLE UTILITIES ""U"" 30 PAX+AUDIOS",2025-10-28,CASTELAO,pending
1e1644f38b3a7e94e0c830b7abea521b,ISLE UTILITIES                                          COCKTAIL 18 PAX/14'00-15 HRS.,2025-10-28,CURROS,pending
c987867c14a5a176823425938d79e653,"AIMEN 14 PAX ""U""+TV",2025-10-29,ROSALIA,pending
6a1625640751f22b64e7a452e2a82bb7,COCKTAIL AIMEN                        15 PAX,2025-10-29,PONDAL,pending
8b23bc542df56c2e705df95281d5643d,COFFEE AIMEN 14 PAX,2025-10-29,HALL,pending
78e323311c57a19dab77910578a6aa78,TENERIFE,2025-10-31,"ROSALIA, PONDAL, CASTELAO, CURROS, CUNQUEIRO",pending
1f65b5a6cdf1ca94449f8ccdc8dafdac,TENERIFE,2025-11-01,"ROSALIA, PONDAL, CASTELAO, CURROS, CUNQUEIRO",pending
665bcd96713810ed740f90b7216a3c5c,FESTIVO,2025-11-01,RESTAURANTE,pending
6ac58616723bf0139f7549fc51dd8942,TENERIFE,2025-11-02,"ROSALIA, PONDAL, CASTELAO, CURROS, CUNQUEIRO",pending
ca3a55adc336ec5822f4b87b41a895f6,EUROSTARS HOTELS,2025-11-04,ROSALIA,pending
dd278b2bffa6d0a61e713c2b838cbdc3,APR SALUD,2025-11-05,PONDAL,pending
c6c7494be843e2a2d85552ca4e15d277,CULTURAL LEONESA,2025-11-07,"ROSALIA, PONDAL, CASTELAO, CURROS, CUNQUEIRO",pending
ca9b68ad9e3a1ae897c455f5900f5f9a,CULTURAL LEONESA,2025-11-08,"ROSALIA, PONDAL, CASTELAO, CURROS, CUNQUEIRO",pending
96b1aafdce466dc9fbf6679fe2a7d30c,LEONCIO/COFFEE 12 PAX,2025-11-08,BAR,pending
e64f8ba8483e16c577e107f3e71b05aa,LEONARDO TEJEDOR montaje x tarde,2025-11-11,PONDAL,pending
5f324449f747cef2d0679a8d47d202f5,LEONARDO TEJEDOR,2025-11-12,PONDAL,pending
4d22e3e66c37a073a9c28ef904673c22,"SCHINDLER ""ESCUELA"" 20 PAX + PANTALLA",2025-11-12,CASTELAO,pending
01147d903ad07809e04addd342c0d236,PROFIRST,2025-11-12,CUNQUEIRO,pending
f3d4dc81d9b864f9c092b8c26ef006c8,COFFEE-BREAK SCHINDLER 20 PAX,2025-11-12,HALL,pending
2c4a51d0e7f9e3f9ae8730d4e5551b35,PROFIRST,2025-11-13,CUNQUEIRO,pending
0e738239e7089a8a6fcee0a27426a1d4,PROFIRST,2025-11-14,CUNQUEIRO,pending
054154c6f47018c89fc45ac24baccb5f,UEM-TFM JC,2025-11-15,ROSALIA,pending
9791e0d6763ddb86f416f466764c78a3,PROFIRST,2025-11-15,CUNQUEIRO,pending
6138f88ba4d361f0939d858476aaabaa,PROFIRST,2025-11-16,"CURROS, CUNQUEIRO",pending
3bc6b296b08338be8641368ef2fd7058,PROFIRST,2025-11-17,"CURROS, CUNQUEIRO",pending
e4d652191d0aea79122b95f5f35caa49,ELECNOR 11PAX / JC,2025-11-18,ROSALIA,pending
07d1c3dda5ca031dd85a2279a974c722,PROFIRST,2025-11-18,"CURROS, CUNQUEIRO",pending
2e7f403350157cbc9daa7cd6867e79fb,COFFEE-BREAK ELECNOR/11 PAX,2025-11-18,HALL,pending
40d401776d7b837d139037efb1dce62e,CENA PROFIRST/9 PAX,2025-11-18,BAR,pending
2f8f14f1171b89b4e72becf5f1204a8a,ELECNOR 11PAX / MJ,2025-11-19,ROSALIA,pending
06d570a3dfd64f3734c113bd86e557a4,EUROSTARS HOTELS,2025-11-19,PONDAL,pending
94240b3f0b832800a8415bf0194c8b31,PROFIRST,2025-11-19,"CURROS, CUNQUEIRO",pending
e062c3749039602264f793becb85d25a,COFFEE-BREAK ELECNOR/11 PAX,2025-11-19,HALL,pending
ce60b62197d1c20b66c90e836ceb3c8b,MONTAJE BLUE HOLE,2025-11-20,PONDAL,pending
433dcefb123fb285d53876d5b6e3bb75,PROFIRST,2025-11-20,"CURROS, CUNQUEIRO",pending
5774d5896da1efc049171da4bcc9653c,RENOWA HEALTH,2025-11-21,ROSALIA,pending
f0cff61122babdd2205b84963a8b6d07,BLUE HOLE,2025-11-21,PONDAL,pending
d0fafc3e33ffc5fceab9e3c51a4afb10,JUBILACION MAPY/24 PAX,2025-11-21,CASTELAO,pending
4330dc0b2da84db1fb0622869c2eb0f9,AD CEUTA,2025-11-22,"ROSALIA, PONDAL, CASTELAO, CURROS, CUNQUEIRO",pending
0b0e6c4239292736dfdc9bb94328e794,LLEGADA CENA/PC,2025-11-22,HALL,pending
b9e8e337e57afb3c11be812af96a5c78,AD CEUTA,2025-11-23,"ROSALIA, PONDAL, CASTELAO, CURROS, CUNQUEIRO",pending
7c63763e210c146d79c818573dfeeb54,PC,2025-11-23,HALL,pending
9efd502665169dedb8d8b33ce44b7f1d,AD CEUTA,2025-11-24,"ROSALIA, PONDAL, CASTELAO, CURROS, CUNQUEIRO",pending
396443419407fcc4dda00581e483ae98,DESAYUNO Y SALIDA AD CEUTA,2025-11-24,HALL,pending
893ec41f6b81bd923558756759221ca3,BLOQUEO COCINA,2025-11-25,ROSALIA,pending
4fc35ba9571f7f18dfeb32fbb46eadb9,BLOQUEO F&B,2025-11-25,PONDAL,pending
9ed24fbdc6ace398b2ef37e37bd0045f,BICO DE XEADO/COCKTAIL CENA 90 PAX,2025-11-25,"CURROS, CUNQUEIRO",pending
79dfb2cb172263f15f195714b5540a40,PORTOCABO,2025-11-26,ROSALIA,pending
35dad79ca612320a8892cbd834e25b9f,REUNION ROTARY,2025-11-26,PONDAL,pending
cd85c67bb4290e6611ade53d7bd2853c,CHARLA ROTARY CLUB/30 PAX,2025-11-26,CASTELAO,pending
d2f0ad5861d6dce0b6969c77e086122d,COCKTAIL ROTARY CLUB/30 PAX,2025-11-26,CURROS,pending
f771b2e5ee375713a5508a2bc16990ce,PORTOCABO,2025-11-27,ROSALIA,pending
fb78b9911a5a830c118eb4310ca052c2,CORREOS-COMIDA NAVIDAD-20 PAX,2025-11-27,CASTELAO,pending
40ab091247426b50f82e4c74b05659c1,IMAYA FORMACION                                                                         ESCUELA 18 PAX,2025-11-28,CASTELAO,pending
80bde26edec6a96e380f41cfcab9371f,ARTURO RIAL-COAC (70 PAX),2025-11-28,CURROS,pending
2b2616ca2f28c3e42ee3c70404c8d2a7,COCKTAIL NAVIDAD-COAC             (70 PAX),2025-11-28,CUNQUEIRO,pending
a8e19ef41304c92af473da3e0e1fa4fa,COFFEES-IMAYA FORM./18 PAX,2025-11-28,HALL,pending
cd440d11baa3e6518d2ff27308e95969,IMAYA FORMACION                                                                      ESCUELA 18 PAX,2025-11-29,CASTELAO,pending
7cf66b165781ab981f3b5853595ef9e7,COFFEES-IMAYA FORM./18 PAX,2025-11-29,HALL,pending
ecceea833bbc85be98a24a1160d6cac3,IMAYA FORMACION                                                                                  ESCUELA 18 PAX,2025-11-30,CASTELAO,pending
be1768493f0880ef08f15e9030fe9198,COFFEES-IMAYA FORM./18 PAX,2025-11-30,HALL,pending
4bebf39a09223cc3c1ad571a50965b42,"GENERAL OPTICA/""U"" 22 PAX + AUDIOS",2025-12-03,CASTELAO,pending
a4bb144ba5c8540bdfc12286d2c5311b,PALEX COCKTAIL CLAUSURA/33 PAX,2025-12-03,CURROS,pending
cd42d869d0f6056341327cf17382e373,"PALEX MEDICAL/""U"" 33 PAX + AUDIOS",2025-12-03,CUNQUEIRO,pending
c1c2d329e94039d5ad405a34534dff9e,COFFEE GENERAL OPTICA/22 PAX,2025-12-03,HALL,pending
5c639065ccb8e7a94759e07714d9e126,EQUIPO PALEX/BLOQUEO,2025-12-04,CUNQUEIRO,pending
68a90342b192bab9a9b5d1c7c6340e8b,GRANADA CF FEM.,2025-12-05,"ROSALIA, PONDAL",pending
deafc35d540bbb44a42f1b286926b8a0,GRANADA CD FEM.,2025-12-05,"CASTELAO, CURROS, CUNQUEIRO",pending
0e8e8d429e7d23106b8b82f8e19c929a,LLEGADA CENA,2025-12-05,HALL,pending
565ed452f741924e1e861bc87ce9750c,GRANADA CF FEM.,2025-12-06,"ROSALIA, PONDAL",pending
d69a355d18a195c0bcfa27c97fb24243,GRANADA CD FEM.,2025-12-06,"CASTELAO, CURROS, CUNQUEIRO",pending
5376826f4f0837d51bb2dd6ef73e128c,DESAYUNO Y SALIDA GRANADA,2025-12-06,HALL,pending
99e3352b3a5988a1640dfa97d5780e76,FESTIVO,2025-12-06,RESTAURANTE,pending
53178c11b48bac8d7f9a93dab843993d,FESTIVO,2025-12-08,RESTAURANTE,pending
29330cd1582539830385217911b5b360,CLUB DE LECTURA/NAVIDAD,2025-12-09,BAR,pending
7ddb15697f92c394585284adfab5afbf,AGAFAC-COCKTAIL 14'30 HRS./50 PAX,2025-12-11,CURROS,pending
6ea899414f90d1a663eb277e9924f073,AGAFAC-COCKTAIL 14'30 HRS./ 50 PAX,2025-12-11,CUNQUEIRO,pending
eff10facfebf59f3d2ae85e7fdf89a98,COCKTAIL CENA/AGRUPACION 55 PAX,2025-12-12,CASTELAO,pending
03cce39f213dd96a89e518ac161dc438,OGMIOS PROYECTO                                       COMIDA NAVIDAD/48 PAX,2025-12-12,CURROS,pending
91e69fa36b7dc8299c4d5699e46c8c9f,OGMIOS PROYECTO                                                                      COMIDA NAVIDAD/48 PAX,2025-12-12,CUNQUEIRO,pending
6eb318b5855d6c85d60b27221536f598,UEM-TFM MJ/10 PAX,2025-12-13,ROSALIA,pending
743422015790caa3e70ebf939cd60894,REAL SOCIEDAD B,2025-12-13,"PONDAL, CASTELAO, CURROS, CUNQUEIRO",pending
ca289ad9c79ffcf197607799781b907b,GRUPO HOTUSA                                                               PC-28 PAX,2025-12-13,RESTAURANTE,pending
ec4b01ac35b844990400f7f8519a14b1,MONTAJE x TARDE/EXPOS. XTI,2025-12-15,CASTELAO,pending
e28cf517cdfa64261e8efc06b5d6d694,XTI,2025-12-16,CASTELAO,pending
035b8b77ee73b31679c7093ac5023973,COLEGIO GESTORES                 COMIDA NAVIDAD/43 PAX,2025-12-16,CURROS,pending
7827105447fbf5211ffbe1475fa5503c,COLEGIO GESTORES                 APERITIVO  NAVIDAD/43 PAX,2025-12-16,CUNQUEIRO,pending
7f5696b1087dcecfb09293146b79752b,PINCHOS PERSONAL HOTEL,2025-12-17,BAR,pending
942f14ee22f2dfd1a192a962fe96a707,COLEGIO ODONTOLOGOS CENA 16 PAX,2025-12-19,ROSALIA,pending
789660677b920db9f6d3b5a51fe14842,BLOQUEO F&B,2025-12-19,PONDAL,pending
ec0010788b768737440b882775ddb293,CENA NAVIDAD/122 PAX VEGALSA,2025-12-19,"CASTELAO, CURROS, CUNQUEIRO",pending
a4cee6d6d00dec557ba803a1c6bea2ec,APERITIVO BIENVENIDA                                                            VEGALSA 122 PAX,2025-12-19,HALL,pending
0e6370274b5bfb264d52a2487bad365f,AUTORIDAD PORTUARIA/143 PAX COMIDA NAVIDAD,2025-12-19,RESTAURANTE,pending
0644de7e321fe30792d614965d9178b5,ROTARY CLUB/CENA NAVIDAD,2025-12-20,"CURROS, CUNQUEIRO",pending
d1b2538932d10f9a2c8574e66c1263ad,APERITIVO ROTARY CLUB/52 pax,2025-12-20,HALL,pending
0fab3adc446efee2d051a567af1861bc,FESTIVO,2025-12-25,RESTAURANTE,pending
f0f877b7fd34209cd86d9798a427e595,MIRANDÉS,2026-04-16,"ROSALIA, PONDAL, CASTELAO, CURROS, CUNQUEIRO",pending
f128e730170af533c5c9be7655c89d93,MIRANDÉS,2026-04-17,"ROSALIA, PONDAL, CASTELAO, CURROS, CUNQUEIRO",pending
e39f32f76841421660628cad926193fe,MIRANDÉS,2026-04-18,"ROSALIA, PONDAL, CASTELAO, CURROS, CUNQUEIRO",pending
e42ea8b01cea8cb6119a3afd543608f0,MIRANDÉS,2026-04-19,"ROSALIA, PONDAL, CASTELAO, CURROS, CUNQUEIRO",pending
68f65713fffafc9b219305b9c87ede17,MIRANDÉS,2026-04-20,"ROSALIA, PONDAL, CASTELAO, CURROS, CUNQUEIRO",pending
3c3341888bbf6f2d03b7e4f6b6de6ee7,MIRANDÉS,2026-04-21,"ROSALIA, PONDAL, CASTELAO, CURROS, CUNQUEIRO",pending
77b8506342da23d2501cd17574d9dcf7,SERIES KARATE,2026-04-22,RESTAURANTE,pending
6ce96be7beba954797b9caad915a64b5,SERIES KARATE,2026-04-23,RESTAURANTE,pending
3e6a01c674018689fcb8c93c412df8bd,SERIES KARATE,2026-04-24,RESTAURANTE,pending
1fdb7024e2a54c00f2c4be1da68515f2,GIPUZKOA BASKET,2026-04-25,"ROSALIA, PONDAL, CASTELAO",pending
5c73d8f9c8e32b7c79c73689317dc58f,SERIES KARATE,2026-04-25,RESTAURANTE,pending
5f489fecaf2274c518be330ae8c5aecf,GIPUZKOA BASKET,2026-04-26,"ROSALIA, PONDAL, CASTELAO",pending
8c4d19fdc633fc3ca5e5713ce3b7622a,SERIES KARATE,2026-04-26,RESTAURANTE,pending
288f1415bc65facf1522a5c22e9536fd,CONGRESO SECOIR,2026-05-09,"CASTELAO, CURROS, CUNQUEIRO",pending
b421bdd8943fb694c5573195f8978eeb,COFFEE-CONGRESO SECOIR,2026-05-09,HALL,pending
ade9c2ffc75fa66b1bf48a0deaa3fe8e,JORNADA,2026-05-14,CASTELAO,pending
7ee6dea9c674d8abb797c98594c6d806,DERMATOLOGICA,2026-05-14,CURROS,pending
b1c7b49f71888139ac0a7b47fabaf927,ANDORRA,2026-05-15,"ROSALIA, PONDAL, CASTELAO, CURROS, CUNQUEIRO",pending
50e5b917f17bb8df9913cd19a923915c,ANDORRA,2026-05-16,"ROSALIA, PONDAL, CASTELAO, CURROS, CUNQUEIRO",pending
1cf17ab6cd92c9accfefa0521bc8f016,ANDORRA,2026-05-17,"ROSALIA, PONDAL, CASTELAO, CURROS, CUNQUEIRO",pending
aaad78637b84a1963047d63c056f53ef,GPO. HOTUSA/40 PAX,2026-05-22,CASTELAO,pending
3666a4745716352c9691fc19d05b05d5,FED.GAL.ATLETISMO,2026-05-22,RESTAURANTE,pending
2d0581037a9351fa5c77bfed209c5b76,COMIDA BUFFET,2026-05-22,BAR,pending
de6a284e573669437d79acf8679501b5,GPO. HOTUSA/40 PAX,2026-05-23,CASTELAO,pending
859f10b12ab3c1f5b59a9a0431f9a868,FED.GAL.ATLETISMO,2026-05-23,RESTAURANTE,pending
c4ab206108d9cafc7c55e92832645c34,CENA BUFFET,2026-05-23,BAR,pending
6644ee8a35e088a9ae774da8de5e9907,CONGRESO SEPAR,2026-06-03,"ROSALIA, PONDAL, CASTELAO, CURROS, CUNQUEIRO",pending
4da64ae5369518a58790e60ef1a58dd1,CONGRESO SEPAR,2026-06-04,"ROSALIA, PONDAL, CASTELAO, CURROS, CUNQUEIRO",pending
01be7a4101c25603bbf47d3626222d5d,CONGRESO SEPAR,2026-06-05,"ROSALIA, PONDAL, CASTELAO, CURROS, CUNQUEIRO",pending
8b29233269ed3f0bdd044430d0b413da,CONGRESO SEPAR,2026-06-06,"ROSALIA, PONDAL, CASTELAO, CURROS, CUNQUEIRO",pending
d43e2159d2549ff8fe5418a9476b5ed7,CATA RESTEL,2026-06-11,CASTELAO,pending
a92ef3a847bffd2a4a4b58fa7388be39,COCKTAIL RESTEL,2026-06-11,CURROS,pending
075fbca2dee2e389242ca40d896e40e8,CADIZ CF,2026-01-03,"ROSALIA, PONDAL, CASTELAO, CURROS, CUNQUEIRO",pending
bc9b3c85b89d9a6445cd34d646a6b6d5,CADIZ CF,2026-01-04,"ROSALIA, PONDAL, CASTELAO, CURROS, CUNQUEIRO",pending
015561beacfffab2caa57d04ed827c73,PARTIDO A LAS 21'00,2026-01-04,HALL,pending
196ece66b5d0f43bd9b29dd2e3e8e141,BICO DE XEADO/100 PAX,2026-01-05,"CURROS, CUNQUEIRO",pending
c6a108c45bef76d63d1a956b275217f1,PP,2026-01-09,"ROSALIA, CUNQUEIRO",pending
e58158ffe70cedf51c7fe8d0a6e72096,PP,2026-01-10,"ROSALIA, CUNQUEIRO",pending
090b5068f56f63819a0d2481e1d42238,PP,2026-01-11,"ROSALIA, CUNQUEIRO",pending
170aa92696765a3958ca8990eef66ca3,UNIVERSIDAD FRANCISCO VITORIA/20 pax,2026-01-14,CASTELAO,pending
03bf5a10596bbcaf1a89afb83496af3d,FIBWI LEB ORO,2026-01-16,"ROSALIA, PONDAL, CASTELAO, CURROS, CUNQUEIRO",pending
e390b29547ae4521d5f53569a29ac049,P&A GROUP,2026-01-22,CASTELAO,pending
77f2763ba5b345d4910ab297b2fbe64d,MONTAJE X TARDE      PIPO Y AMIGOS,2026-01-22,"CURROS, CUNQUEIRO",pending
d410b43ceb2944df6b9c90c4aabb62ee,COFFEE-P&A GROUP,2026-01-22,HALL,pending
451cd61039770730071092d904f8c67f,COMIDA P&A GROUP,2026-01-22,RESTAURANTE,pending
43ab22edb2ca71aebd09b2b7795174e1,P&A GROUP,2026-01-23,CASTELAO,pending
914e4e5bfa1afc84f5f760f1dae86cf1,PIPO Y AMIGOS,2026-01-23,"CURROS, CUNQUEIRO",pending
ba316485963f870c452c937d3ef8fb58,COFFEE-P&A GROUP,2026-01-23,HALL,pending
5b0437e0a0377661539944c807316e90,PIPO Y AMIGOS,2026-01-24,"CURROS, CUNQUEIRO",pending
d35261e8bc171f76a430738877568fca,PIPO Y AMIGOS,2026-01-25,"CURROS, CUNQUEIRO",pending
661d7557b0b10ad891fd85c8eed6b52b,NATO/20 PAX MJ x tarde,2026-02-03,CUNQUEIRO,pending
044b8e910d479280f8252f569ae2f3b8,UEM/EXAMEN 20 PAX,2026-02-06,CASTELAO,pending
26773a60ac76343e6fd6ba527a947979,UEM/EXAMEN 30 PAX,2026-02-07,CASTELAO,pending
f6015a0bdc25fa9f719c05586972a682,UEM/EXAMEN 30 PAX,2026-02-08,CASTELAO,pending
afbd791cb41e6168c8f22d4e1ba67ed4,CARMEN VIDAL PAN,2026-02-13,CURROS,pending
71e6a1593493dc57e2bc9653b3c4037d,COCKTAIL RAMYCGA,2026-02-13,CUNQUEIRO,pending
38b62612d8c50048beea700b563df3a6,IN y MONTAJE,2026-02-19,CASTELAO,pending
9946dea03d81566043ddc83455fe9fe9,JANET&JANET,2026-02-20,CASTELAO,pending
373c64dc2881391329158ed580be6231,MONTAJE EXP. LODI,2026-02-22,CASTELAO,pending
bf7baab4fe1031dc0bbc40e991eb7344,LODI/EXP. CALZADO,2026-02-23,CASTELAO,pending
d09621e046aa7fe5a3bc4faed6e021a0,GIOSEPPO,2026-02-25,CASTELAO,pending
40547e3bce0fdb8b5e794ccb30fcdd5e,IN Y MONTAJE HISPANITAS,2026-02-25,CUNQUEIRO,pending
c2207d27978f756c0423012f6f271b7b,PANAMA JACK,2026-02-26,ROSALIA,pending
85ccf16bb13b634cb1f487a1667600aa,GIOSEPPO,2026-02-26,CASTELAO,pending
49dfbb87c1fd78fedb1c40db901c5772,HISPANITAS,2026-02-26,CUNQUEIRO,pending
ab622e4f598c4ee8fc3cef105e53b301,GIOSEPPO,2026-02-27,CASTELAO,pending
95f34093d9ab5e14cb567bc186749ed0,HISPANITAS,2026-02-27,CUNQUEIRO,pending
333ee98a79261eaf45bd888c3b58c0eb,CALZADOS GONZALO                                  (IN y MONTAJE),2026-03-01,CASTELAO,pending
bf3ff1038aa7d20df5321d58c6d19286,CALZADOS GONZALO,2026-03-02,CASTELAO,pending
0ef153526bdc9d1ed4434aac9c087610,COCKTAIL CICCP 50 PAX/14'00 HRS.,2026-03-04,BAR,pending
d0e177da59e1d076df50a1b71f06f9f3,LUCENTUM ALICANTE,2026-03-07,"ROSALIA, PONDAL, CASTELAO",pending
806dca23edaf3bfdee86bb87903b4d40,LUCENTUM ALICANTE,2026-03-08,"ROSALIA, PONDAL, CASTELAO",pending
562d5a999c53501ddf3c2dc5e3d8cb5a,ALMUERZO 124 PAX info@iverusviajes.es,2026-03-14,RESTAURANTE,pending
dbd684a4daf05aaf634077d9e6d50ffe,MONTAJE JORGE GARCIA,2026-03-15,CUNQUEIRO,pending
94a0099bf9dd865cb419be53e54c3c73,JORGE GARCIA EXP. CALZADO/MIXTA,2026-03-16,CUNQUEIRO,pending
1bbf026cd470be9fd1811a3049d83068,JORGE GARCIA EXP. CALZADO/MIXTA,2026-03-17,CUNQUEIRO,pending
9dea22911719cd512799cc94b704554e,REAL ZARAGOZA,2026-03-20,"ROSALIA, PONDAL, CASTELAO, CURROS, CUNQUEIRO",pending
7a5b0f8dae150b5ae6022b46ac570962,REAL ZARAGOZA,2026-03-21,"ROSALIA, PONDAL, CASTELAO, CURROS, CUNQUEIRO",pending
79ba95f386c67c3523df143f39a61731,REAL ZARAGOZA,2026-03-22,"ROSALIA, PONDAL, CASTELAO, CURROS, CUNQUEIRO",pending
1b14af0a322dfb51d83c5c73915f5b3d,REAL ZARAGOZA,2026-03-23,"ROSALIA, PONDAL, CASTELAO, CURROS, CUNQUEIRO",pending
4fb804ab875228c9b1216063e241beb7,"ODDO ""ESCUELA"" 40 PAX + AUDIOS MCN y COFFEE",2026-07-01,CASTELAO,pending
839abacd88dc2f6c933b86dab9797891,ODDO COCKTAIL COMIDA 40 PAX,2026-07-01,HALL,pending
e1defb12c37a0b5759dc74ffd0e99216,"ODDO ""ESCUELA"" 40 PAX + AUDIOS MCN y COFFEE",2026-07-02,CASTELAO,pending
7607accdf822db9d5bc3e9b9748f25a6,ODDO COCKTAIL COMIDA 40 PAX,2026-07-02,HALL,pending
